DROP TABLE IF EXISTS `society_concess_vehicles`;
CREATE TABLE IF NOT EXISTS `society_concess_vehicles` (
  `society_concess` varchar(40) NOT NULL,
  `plate` varchar(12) NOT NULL,
  `vehicle` longtext DEFAULT NULL,
  `stored` tinyint(4) NOT NULL DEFAULT 0,
  `label` varchar(40) NOT NULL,
  PRIMARY KEY (`plate`)
) ENGINE=InnoDB DEFAULT CHARSET=utf8mb4 COLLATE=utf8mb4_general_ci;

DROP TABLE IF EXISTS `vehicle_categories`;
CREATE TABLE IF NOT EXISTS `vehicle_categories` (
  `name` varchar(60) NOT NULL,
  `label` varchar(60) NOT NULL,
  `image` varchar(255) DEFAULT NULL
) ENGINE=InnoDB DEFAULT CHARSET=utf8mb4 COLLATE=utf8mb4_unicode_ci;

INSERT INTO `vehicle_categories` (`name`, `label`, `image`) VALUES
('Off Road', 'Off Road', ''),
('Moto', 'Moto', ''),
('Limousines', 'Limousines', ''),
('Electrique', 'Electrique', ''),
('Audi', 'Audi', ''),
('Bmw', 'Bmw', ''),
('Mercedes', 'Mercedes', ''),
('Mansory', 'Mansory', ''),
('ABT Performance', 'ABT Performance', ''),
('Alpha Romeo', 'Alpha Romeo', ''),
('Bentley', 'Bentley', ''),
('Bugatti', 'Bugatti', ''),
('Corvette', 'Corvette', ''),
('Dodge', 'Dodge', ''),
('Ferrari', 'Ferrari', ''),
('Ford', 'Ford', ''),
('Honda', 'Honda', ''),
('Hyper Sportive', 'Hyper Sportive', ''),
('Lamborghini', 'Lamborghini', ''),
('McLaren', 'McLaren', ''),
('Mitsubishi', 'Mitsubishi', ''),
('Nissan', 'Nissan', ''),
('Porsche', 'Porsche', ''),
('Range Rover', 'Range Rover', ''),
('Rolls Royce', 'Rolls Royce', ''),
('Toyota', 'Toyota', ''),
('Volkswagen', 'Volkswagen', '');
COMMIT;

DROP TABLE IF EXISTS `vehicles`;
CREATE TABLE IF NOT EXISTS `vehicles` (
  `name` varchar(60) NOT NULL,
  `model` varchar(60) NOT NULL,
  `price` int(11) NOT NULL,
  `category` varchar(60) DEFAULT NULL,
  `stock` int(255) DEFAULT 1,
  `mileage` int(11) DEFAULT 0,
  `coords` longtext DEFAULT NULL,
  `lastparking` varchar(100) DEFAULT NULL,
  `type` varchar(20) DEFAULT NULL,
  `keys` longtext DEFAULT '[]',
  `pound` varchar(60) DEFAULT NULL,
  `image` varchar(255) DEFAULT NULL,
  PRIMARY KEY (`model`)
) ENGINE=InnoDB DEFAULT CHARSET=utf8mb4 COLLATE=utf8mb4_unicode_ci;

--
-- Déchargement des données de la table `vehicles`
--

INSERT INTO `vehicles` (`name`, `model`, `price`, `category`, `stock`, `mileage`, `coords`, `lastparking`, `type`, `keys`, `pound`, `image`) VALUES
('Lamborghini Urus', '1016urus', 10000, 'Lamborghini', 2, 0, NULL, NULL, NULL, '[]', NULL, 'https://image.noelshack.com/fichiers/2024/51/7/1734878222-1016urus.jpg\n'),
('Mercedes S 650p', '2018s650p', 10000, 'Limousines', 3, 0, NULL, NULL, NULL, '[]', NULL, 'https://image.noelshack.com/fichiers/2024/51/6/1734820511-2018s650p.jpg'),
('Bugatti Chiron', '2019chiron', 10000, 'Bugatti', 1, 0, NULL, NULL, NULL, '[]', NULL, 'https://image.noelshack.com/fichiers/2024/51/7/1734876653-2019chiron.jpg\n'),
('Bmw M5 2019', '2019m5', 10000, 'Bmw', 1, 0, NULL, NULL, NULL, '[]', NULL, 'https://image.noelshack.com/fichiers/2024/51/7/1734823738-2019m5.jpg\n'),
('Mercedes CLA 45 S', '2020CLA45s', 10000, 'Mercedes', 1, 0, NULL, NULL, NULL, '[]', NULL, 'https://image.noelshack.com/fichiers/2024/51/7/1734880428-202cla45s.jpg\n'),
('Nissan 350 Z ', '350z', 10000, 'Nissan', 1, 0, NULL, NULL, NULL, '[]', NULL, 'https://image.noelshack.com/fichiers/2024/51/7/1734882290-350z.jpg\n'),
('Ferrari 488', '488animated', 10000, 'Ferrari', 1, 0, NULL, NULL, NULL, '[]', NULL, 'https://image.noelshack.com/fichiers/2024/51/7/1734877397-488animated.jpg\n'),
('Ferrari 488 SP', '488sp', 10000, 'Ferrari', 1, 0, NULL, NULL, NULL, '[]', NULL, 'https://image.noelshack.com/fichiers/2024/51/7/1734877399-488sp.jpg\n'),
('McLaren 600 LT', '600ltwb', 10000, 'ABT Performance', 1, 0, NULL, NULL, NULL, '[]', NULL, 'https://image.noelshack.com/fichiers/2024/51/7/1734875902-600ltwb.jpg\n'),
('McLaren 675 LT', '675lt', 10000, 'McLaren', 1, 0, NULL, NULL, NULL, '[]', NULL, 'https://image.noelshack.com/fichiers/2024/51/7/1734880376-675lt.jpg\n'),
('Ferrari 812 Super Fast', '812mnsry', 10000, 'Ferrari', 1, 0, NULL, NULL, NULL, '[]', NULL, 'https://image.noelshack.com/fichiers/2024/51/7/1734877402-812mnsry.jpg\n'),
('Porsche 911 GT RS', '911gtrs', 10000, 'Porsche', 1, 0, NULL, NULL, NULL, '[]', NULL, 'https://image.noelshack.com/fichiers/2024/51/7/1734884898-911gtrs.jpg\n'),
('Porsche 911 Turbo S', '911turbos', 10000, 'ABT Performance', 1, 0, NULL, NULL, NULL, '[]', NULL, 'https://image.noelshack.com/fichiers/2024/51/7/1734875904-911turbos.jpg\n'),
('Mercedes A45 Mansory', 'a45', 10000, 'Mansory', 1, 0, NULL, NULL, NULL, '[]', NULL, 'https://image.noelshack.com/fichiers/2024/51/7/1734879890-a45.jpg\n'),
('Toyota Supra', 'a80', 10000, 'Toyota', 1, 0, NULL, NULL, NULL, '[]', NULL, 'https://image.noelshack.com/fichiers/2024/51/7/1734887501-a80.jpg\n'),
('Audi A4', 'AAQ4', 10000, 'Audi', 0, 0, NULL, NULL, NULL, '[]', NULL, 'https://image.noelshack.com/fichiers/2024/51/7/1734823043-aaq4.jpg\n'),
('Aerox', 'aerox155', 10000, 'Moto', 1, 0, NULL, NULL, NULL, '[]', NULL, 'https://image.noelshack.com/fichiers/2024/51/6/1734819691-aerox155.jpg'),
('Agera RS', 'agerars', 10000, 'Hyper Sportive', 1, 0, NULL, NULL, NULL, '[]', NULL, 'https://image.noelshack.com/fichiers/2024/51/7/1734878065-agerars.jpg\n'),
('Bmw B7', 'alpinab7', 10000, 'Bmw', 1, 0, NULL, NULL, NULL, '[]', NULL, 'https://image.noelshack.com/fichiers/2024/51/7/1734823740-alpinab7.jpg\n'),
('BMW M5 Prepa ', 'alpinab7BLACKEDITION', 10000, 'ABT Performance', 1, 0, NULL, NULL, NULL, '[]', NULL, 'https://image.noelshack.com/fichiers/2024/51/7/1734875906-alpinab7blackedition.jpg\n'),
('Mercedes Amg Gt ', 'amggt16', 10000, 'Mercedes', 1, 0, NULL, NULL, NULL, '[]', NULL, 'https://image.noelshack.com/fichiers/2024/51/7/1734880430-amggt16.jpg\n'),
('Mercedes Amg GTB', 'amggtbs', 10000, 'Mercedes', 1, 0, NULL, NULL, NULL, '[]', NULL, 'https://image.noelshack.com/fichiers/2024/51/7/1734880436-amggtbs.jpg\n'),
('Mercedes Gt Mansory', 'AmgGtrLight', 10000, 'Mansory', 1, 0, NULL, NULL, NULL, '[]', NULL, 'https://image.noelshack.com/fichiers/2024/51/7/1734879892-amggtrlight.jpg\n'),
('McLaren MG 23', 'amrevu23mg', 10000, 'McLaren', 1, 0, NULL, NULL, NULL, '[]', NULL, 'https://image.noelshack.com/fichiers/2024/51/7/1734880376-amrevu23mg.jpg\n'),
('Honda HR 8', 'animfk8hr', 10000, 'Honda', 1, 0, NULL, NULL, NULL, '[]', NULL, 'https://image.noelshack.com/fichiers/2024/51/7/1734877890-animfk8hr.jpg\n'),
('Range Rover Bio', 'autobio', 10000, 'Range Rover', 1, 0, NULL, NULL, NULL, '[]', NULL, 'https://image.noelshack.com/fichiers/2024/51/7/1734886735-autobio.jpg\n'),
('Mercedes B63 Amg', 'b63s', 10000, 'Mercedes', 1, 0, NULL, NULL, NULL, '[]', NULL, 'https://image.noelshack.com/fichiers/2024/51/7/1734880439-b63s.jpg\n'),
('Bentley 17 ', 'ben17', 10000, 'Bentley', 1, 0, NULL, NULL, NULL, '[]', NULL, 'https://image.noelshack.com/fichiers/2024/51/7/1734876557-ben17.jpg\n'),
('Bentley Bentay Mansory', 'bentaygam', 10000, 'Mansory', 1, 0, NULL, NULL, NULL, '[]', NULL, 'https://image.noelshack.com/fichiers/2024/51/7/1734879895-bentaygam.jpg\n'),
('Mercedes Sl 63 Amg', 'benzsl63', 10000, 'Mercedes', 1, 0, NULL, NULL, NULL, '[]', NULL, 'https://image.noelshack.com/fichiers/2024/51/7/1734880441-benzsl63.jpg\n'),
('BMW M8 Mansory', 'bmw8mm', 10000, 'Mansory', 1, 0, NULL, NULL, NULL, '[]', NULL, 'https://image.noelshack.com/fichiers/2024/51/7/1734879903-bmw8mm.jpg\n'),
('BMW E39 2010', 'bmwe39', 10000, 'Bmw', 1, 0, NULL, NULL, NULL, '[]', NULL, 'https://image.noelshack.com/fichiers/2024/51/7/1734823742-bmwe39.jpg\n'),
('Bmw G 07', 'bmwg07', 10000, 'Bmw', 1, 0, NULL, NULL, NULL, '[]', NULL, 'https://image.noelshack.com/fichiers/2024/51/7/1734823744-bmwg07.jpg\n'),
('Bmw Vision', 'bmwvision', 10000, 'Bmw', 1, 0, NULL, NULL, NULL, '[]', NULL, 'https://image.noelshack.com/fichiers/2024/51/7/1734823747-bmwvision.jpg\n'),
('Ford Mustang 1949', 'BOSS429', 10000, 'Ford', 1, 0, NULL, NULL, NULL, '[]', NULL, 'https://image.noelshack.com/fichiers/2024/51/7/1734877725-boss429.jpg\n'),
('BRZ Varis 13 Mansory', 'brz13varis', 10000, 'Mansory', 1, 0, NULL, NULL, NULL, '[]', NULL, 'https://image.noelshack.com/fichiers/2024/51/7/1734879905-brz13varis.jpg\n'),
('Mercedes Amg C63 Limited', 'c63scpd', 10000, 'Mercedes', 1, 0, NULL, NULL, NULL, '[]', NULL, 'https://image.noelshack.com/fichiers/2024/51/7/1734880445-c63scpd.jpg\n'),
('Corvette C8', 'c8', 10000, 'Corvette', 1, 0, NULL, NULL, NULL, '[]', NULL, 'https://image.noelshack.com/fichiers/2024/51/7/1734876815-c8.jpg\n'),
('Porsche Carrera 19', 'carrera19', 10000, 'Porsche', 1, 0, NULL, NULL, NULL, '[]', NULL, 'https://image.noelshack.com/fichiers/2024/51/7/1734884901-carrera19.jpg\n'),
('Porsche Cayen 2019', 'cayen19', 10000, 'Porsche', 1, 0, NULL, NULL, NULL, '[]', NULL, 'https://image.noelshack.com/fichiers/2024/51/7/1734884904-cayen19.jpg\n'),
('Porsche Cayenne 2020', 'cayennemecqq', 10000, 'Porsche', 1, 0, NULL, NULL, NULL, '[]', NULL, 'https://image.noelshack.com/fichiers/2024/51/7/1734884907-cayennnemecqq.jpg\n'),
('CBR 650 r', 'cb650r', 10000, 'Moto', 1, 0, NULL, NULL, NULL, '[]', NULL, 'https://image.noelshack.com/fichiers/2024/51/6/1734819696-cb650r.jpg'),
('Bugatti Centuria Mansory', 'centuria', 10000, 'Mansory', 1, 0, NULL, NULL, NULL, '[]', NULL, 'https://image.noelshack.com/fichiers/2024/51/7/1734879907-centuria.jpg\n'),
('Dodge Charger F8', 'chargerf8', 10000, 'Dodge', 1, 0, NULL, NULL, NULL, '[]', NULL, 'https://image.noelshack.com/fichiers/2024/51/7/1734877148-chargerf8.jpg\n'),
('Bugatti Chiron Super', 'chironsuper', 10000, 'Bugatti', 1, 0, NULL, NULL, NULL, '[]', NULL, 'https://image.noelshack.com/fichiers/2024/51/7/1734876653-chironsuper.jpg\n'),
('Honda Civic', 'civic2020', 10000, 'Honda', 1, 0, NULL, NULL, NULL, '[]', NULL, 'https://image.noelshack.com/fichiers/2024/51/7/1734877890-civic2020.jpg\n'),
('Harley 1', 'claw', 10000, 'Moto', 1, 0, NULL, NULL, NULL, '[]', NULL, 'https://image.noelshack.com/fichiers/2024/51/6/1734819698-claw.jpg'),
('Mercedes Amg Cls', 'cls19', 10000, 'Mercedes', 1, 0, NULL, NULL, NULL, '[]', NULL, 'https://image.noelshack.com/fichiers/2024/51/7/1734880448-cls19.jpg\n'),
('Mercedes Cls 2009', 'cls500w219', 10000, 'Mercedes', 1, 0, NULL, NULL, NULL, '[]', NULL, 'https://image.noelshack.com/fichiers/2024/51/7/1734880450-cls500w219.jpg\n'),
('Bentley Continental GT', 'contgt2011', 10000, 'Bentley', 1, 0, NULL, NULL, NULL, '[]', NULL, 'https://image.noelshack.com/fichiers/2024/51/7/1734876557-contgt2011.jpg\n'),
('Honda Prepa', 'crownbp', 10000, 'ABT Performance', 1, 0, NULL, NULL, NULL, '[]', NULL, 'https://image.noelshack.com/fichiers/2024/51/7/1734875909-crownbp.jpg\n'),
('Porsche 933', 'DL993', 10000, 'Porsche', 1, 0, NULL, NULL, NULL, '[]', NULL, 'https://image.noelshack.com/fichiers/2024/51/7/1734884910-dl993.jpg\n'),
('Tesla Cyber', 'DLCyber', 10000, 'Electrique', 1, 0, NULL, NULL, NULL, '[]', NULL, 'https://image.noelshack.com/fichiers/2024/51/6/1734820871-dlcyber.jpg\n'),
('Bmw E39 Touring', 'dle39tow', 10000, 'Bmw', 1, 0, NULL, NULL, NULL, '[]', NULL, 'https://image.noelshack.com/fichiers/2024/51/7/1734823749-dle39tow.jpg\n'),
('La Ferrari', 'DLLAF', 10000, 'Ferrari', 1, 0, NULL, NULL, NULL, '[]', NULL, 'https://image.noelshack.com/fichiers/2024/51/7/1734877404-dllaf.jpg\n'),
('4x4 Prado', 'dlprado24', 10000, 'Off Road', 1, 0, NULL, NULL, NULL, '[]', NULL, 'https://image.noelshack.com/fichiers/2024/51/6/1734818783-dlprado24.jpg'),
('Audi RS3', 'DLRS3', 10000, 'Audi', 1, 0, NULL, NULL, NULL, '[]', NULL, 'https://image.noelshack.com/fichiers/2024/51/7/1734823045-dlrs3.jpg\n'),
('BMW Z4 Prepa', 'DLZ4', 10000, 'ABT Performance', 1, 0, NULL, NULL, NULL, '[]', NULL, 'https://image.noelshack.com/fichiers/2024/51/7/1734875912-dlz4.jpg\n'),
('Bmw X5 ', 'e53', 10000, 'Bmw', 1, 0, NULL, NULL, NULL, '[]', NULL, 'https://image.noelshack.com/fichiers/2024/51/7/1734823754-e53.jpg\n'),
('Mercedes E 55 1990', 'e55', 10000, 'Mercedes', 1, 0, NULL, NULL, NULL, '[]', NULL, 'https://image.noelshack.com/fichiers/2024/51/7/1734880453-e55.jpg\n'),
('Ford ELEANOR Limited', 'ELEANOR', 10000, 'Ford', 1, 0, NULL, NULL, NULL, '[]', NULL, 'https://image.noelshack.com/fichiers/2024/51/7/1734877727-eleanor.jpg\n'),
('Citadine Electrique', 'eli', 10000, 'Electrique', 0, 0, NULL, NULL, NULL, '[]', NULL, 'https://image.noelshack.com/fichiers/2024/51/6/1734820873-eli.jpg\n'),
('Mitsubishi Evo 9 ', 'evo9', 10000, 'Mitsubishi', 1, 0, NULL, NULL, NULL, '[]', NULL, 'https://image.noelshack.com/fichiers/2024/51/7/1734881679-evo9.jpg\n'),
('Mitsubishi Evo 10', 'evo9drift', 10000, 'Mitsubishi', 1, 0, NULL, NULL, NULL, '[]', NULL, 'https://image.noelshack.com/fichiers/2024/51/7/1734881681-evo9drift.jpg\n'),
('Ferrari 812', 'f812', 10000, 'Ferrari', 1, 0, NULL, NULL, NULL, '[]', NULL, 'https://image.noelshack.com/fichiers/2024/51/7/1734877411-f812.jpg\n'),
('Mercedes G 45 Amg', 'fangle450', 10000, 'Mercedes', 1, 0, NULL, NULL, NULL, '[]', NULL, 'https://image.noelshack.com/fichiers/2024/51/7/1734880455-fangle450.jpg\n'),
('Ferrari 812 Super Mansory', 'ferrari812super', 10000, 'Mansory', 1, 0, NULL, NULL, NULL, '[]', NULL, 'https://image.noelshack.com/fichiers/2024/51/7/1734879910-ferrari812super.jpg\n'),
('Ford GT', 'FGT', 10000, 'Ford', 1, 0, NULL, NULL, NULL, '[]', NULL, 'https://image.noelshack.com/fichiers/2024/51/7/1734877729-fgt.jpg\n'),
('Honda FK 8', 'fk8', 10000, 'Honda', 1, 0, NULL, NULL, NULL, '[]', NULL, 'https://image.noelshack.com/fichiers/2024/51/7/1734877890-fk8.jpg\n'),
('Toyota Supra Fast And Furious', 'fnfmk4', 10000, 'Toyota', 1, 0, NULL, NULL, NULL, '[]', NULL, 'https://image.noelshack.com/fichiers/2024/51/7/1734887503-fnfmk4.jpg\n'),
('Mercedes G63', 'g63', 10000, 'Mercedes', 1, 0, NULL, NULL, NULL, '[]', NULL, 'https://image.noelshack.com/fichiers/2024/51/7/1734880458-g63.jpg\n'),
('Mercedes G63 Sam', 'G63Sam', 10000, 'Limousines', 0, 0, NULL, NULL, NULL, '[]', NULL, 'https://image.noelshack.com/fichiers/2024/51/6/1734820515-g63sam.jpg\n'),
('Mercedes G65', 'G65', 10000, 'Mercedes', 1, 0, NULL, NULL, NULL, '[]', NULL, 'https://image.noelshack.com/fichiers/2024/51/7/1734880460-g65.jpg\n'),
('Bmw M5 Touring', 'g81hr', 10000, 'Bmw', 1, 0, NULL, NULL, NULL, '[]', NULL, 'https://image.noelshack.com/fichiers/2024/51/7/1734823757-g81hr.jpg\n'),
('Mercedes G900 6x6 Mansory', 'g900przemo6x6', 10000, 'Mansory', 1, 0, NULL, NULL, NULL, '[]', NULL, 'https://image.noelshack.com/fichiers/2024/51/7/1734879913-g900przemo6x6.jpg\n'),
('Lamborghini Huracan', 'gcmlamboultimae', 10000, 'Lamborghini', 1, 0, NULL, NULL, NULL, '[]', NULL, 'https://image.noelshack.com/fichiers/2024/51/7/1734878222-gcmlamboultimae.jpg\n'),
('Toyota Supra MK3', 'gfuckedsupra', 10000, 'Toyota', 1, 0, NULL, NULL, NULL, '[]', NULL, 'https://image.noelshack.com/fichiers/2024/51/7/1734887506-gfuckedsupra.jpg\n'),
('Alpha Romeo Giulia 2021', 'giulia_2021', 10000, 'Alpha Romeo', 1, 0, NULL, NULL, NULL, '[]', NULL, 'https://image.noelshack.com/fichiers/2024/51/7/1734876447-giulia-2021.jpg\n'),
('Toyota Supra Fast And Furious 2', 'GODz95GSX', 10000, 'Toyota', 1, 0, NULL, NULL, NULL, '[]', NULL, 'https://image.noelshack.com/fichiers/2024/51/7/1734887508-godz95gsx.jpg\n'),
('BMW S1000RR', 'GODzBMWS1000RR', 10000, 'Moto', 1, 0, NULL, NULL, NULL, '[]', NULL, 'https://image.noelshack.com/fichiers/2024/51/6/1734819700-godzbmws1000rr.jpg'),
('Dodge Mansory', 'GODzDRIFTCAT', 10000, 'Mansory', 1, 0, NULL, NULL, NULL, '[]', NULL, 'https://image.noelshack.com/fichiers/2024/51/7/1734879915-godzdriftcat.jpg\n'),
('Terzota', 'GODzKSTERZOTACHA', 10000, 'Hyper Sportive', 1, 0, NULL, NULL, NULL, '[]', NULL, 'https://image.noelshack.com/fichiers/2024/51/7/1734878065-godzksterzotacha.jpg\n'),
('NINJA H2', 'GODzNINJAH2', 10000, 'Moto', 1, 0, NULL, NULL, NULL, '[]', NULL, 'https://image.noelshack.com/fichiers/2024/51/6/1734819703-godzninjah2.jpg\n'),
('Mercedes S63 Amg 2024', 'GODzVIPS63AMG', 10000, 'Mercedes', 1, 0, NULL, NULL, NULL, '[]', NULL, 'https://image.noelshack.com/fichiers/2024/51/7/1734880465-godzvips63amg.jpg\n'),
('Volkswagen Golf 1', 'golf1', 10000, 'Volkswagen', 1, 0, NULL, NULL, NULL, '[]', NULL, 'https://image.noelshack.com/fichiers/2024/51/7/1734887678-golf1.jpg\n'),
('Volkswagen Golf 7', 'golf7', 10000, 'Volkswagen', 1, 0, NULL, NULL, NULL, '[]', NULL, 'https://image.noelshack.com/fichiers/2024/51/7/1734887680-golf7.jpg\n'),
('Volkswagen Golf 2 Limited', 'golf91wideprzemo', 10000, 'Volkswagen', 1, 0, NULL, NULL, NULL, '[]', NULL, 'https://image.noelshack.com/fichiers/2024/51/7/1734887683-golf91wideprzemo.jpg\n'),
('Ford GT 17', 'gt17', 10000, 'Ford', 1, 0, NULL, NULL, NULL, '[]', NULL, 'https://image.noelshack.com/fichiers/2024/51/7/1734877732-gt17.jpg\n'),
('Porsche GT2 RS Prepa', 'gt2rs', 10000, 'ABT Performance', 1, 0, NULL, NULL, NULL, '[]', NULL, 'https://image.noelshack.com/fichiers/2024/51/7/1734875914-gt2rs.jpg\n'),
('Porsche GT3', 'gt3demon', 10000, 'Porsche', 1, 0, NULL, NULL, NULL, '[]', NULL, 'https://image.noelshack.com/fichiers/2024/51/7/1734884912-gt3demon.jpg\n'),
('Porsche GT3 Mansory', 'gt3hycade', 10000, 'Mansory', 1, 0, NULL, NULL, NULL, '[]', NULL, 'https://image.noelshack.com/fichiers/2024/51/7/1734879918-gt3hycade.jpg\n'),
('Mercedes GT 63 Amg', 'gt63', 10000, 'Mercedes', 1, 0, NULL, NULL, NULL, '[]', NULL, 'https://image.noelshack.com/fichiers/2024/51/7/1734880467-gt63.jpg\n'),
('Mercedes GT 63 MT ', 'gt63mt', 10000, 'Mercedes', 1, 0, NULL, NULL, NULL, '[]', NULL, 'https://image.noelshack.com/fichiers/2024/51/7/1734880470-gt63mt.jpg\n'),
('Ferrari F19', 'gta5rp_veh_ferrari19', 10000, 'Ferrari', 1, 0, NULL, NULL, NULL, '[]', NULL, 'https://image.noelshack.com/fichiers/2024/51/7/1734877414-gta5rp-veh-ferrari19.jpg\n'),
('Mercedes GLE 2024', 'gta5rp_veh_gle1', 10000, 'Mercedes', 1, 0, NULL, NULL, NULL, '[]', NULL, 'https://image.noelshack.com/fichiers/2024/51/7/1734880473-gta5rp-veh-gle1.jpg\n'),
('Nissan GTR 33', 'gta5rp_veh_gtr33', 10000, 'Nissan', 1, 0, NULL, NULL, NULL, '[]', NULL, 'https://image.noelshack.com/fichiers/2024/51/7/1734882290-gta5rp-veh-gtr33.jpg\n'),
('Nissan GTR 50 Prepa', 'gtr50', 10000, 'ABT Performance', 1, 0, NULL, NULL, NULL, '[]', NULL, 'https://image.noelshack.com/fichiers/2024/51/7/1734875918-gtr50.jpg\n'),
('Mercedes One Of One', 'gxone', 10000, 'Hyper Sportive', 1, 0, NULL, NULL, NULL, '[]', NULL, 'https://image.noelshack.com/fichiers/2024/51/7/1734878065-gxone.jpg\n'),
('Dodge Hell Cat F9', 'HELLCATF9', 10000, 'Dodge', 1, 0, NULL, NULL, NULL, '[]', NULL, 'https://image.noelshack.com/fichiers/2024/51/7/1734877150-hellcatf9.jpg\n'),
('Dodge LB', 'hellcatlb', 10000, 'Dodge', 1, 0, NULL, NULL, NULL, '[]', NULL, 'https://image.noelshack.com/fichiers/2024/51/7/1734877152-hellcatlb.jpg\n'),
('Harley 2', 'hexerz2', 10000, 'Moto', 1, 0, NULL, NULL, NULL, '[]', NULL, 'https://image.noelshack.com/fichiers/2024/51/6/1734819706-hexerz2.jpg'),
('Huracan Mansory', 'huracanpriorbeast', 10000, 'Mansory', 1, 0, NULL, NULL, NULL, '[]', NULL, 'https://image.noelshack.com/fichiers/2024/51/7/1734879921-huracanpriorbeast.jpg\n'),
('Mitsubishi Evo Racing', 'hycadeevo', 10000, 'Mitsubishi', 1, 0, NULL, NULL, NULL, '[]', NULL, 'https://image.noelshack.com/fichiers/2024/51/7/1734881681-evo9drift.jpg\n'),
('Audi RS6 Prepa', 'Hycaders6', 10000, 'ABT Performance', 1, 0, NULL, NULL, NULL, '[]', NULL, 'https://image.noelshack.com/fichiers/2024/51/7/1734875921-hycaders6.jpg\n'),
('Mitsubishi Loster 4', 'hyundaiveloster', 10000, 'Mitsubishi', 1, 0, NULL, NULL, NULL, '[]', NULL, 'https://image.noelshack.com/fichiers/2024/51/7/1734881686-hyundaiveloster.jpg\n'),
('Audi RS4 Prepa', 'ikx3abt20', 10000, 'ABT Performance', 1, 0, NULL, NULL, NULL, '[]', NULL, 'https://image.noelshack.com/fichiers/2024/51/7/1734875924-ikx3abt20.jpg\n'),
('Ikx 22', 'ikx3rebel22', 10000, 'Electrique', 1, 0, NULL, NULL, NULL, '[]', NULL, 'https://image.noelshack.com/fichiers/2024/51/6/1734820874-ikx3rebel22.jpg\n'),
('Jess 21', 'jes21', 10000, 'Hyper Sportive', 1, 0, NULL, NULL, NULL, '[]', NULL, 'https://image.noelshack.com/fichiers/2024/51/7/1734878065-jes21.jpg\n'),
('Jesko', 'jesko', 10000, 'Hyper Sportive', 1, 0, NULL, NULL, NULL, '[]', NULL, 'https://image.noelshack.com/fichiers/2024/51/7/1734878072-jesko.jpg\n'),
('Kawasaki', 'kawagala', 10000, 'Moto', 1, 0, NULL, NULL, NULL, '[]', NULL, 'https://image.noelshack.com/fichiers/2024/51/6/1734819720-kawagala.jpg\n'),
('Dodge KG', 'kgjoker', 10000, 'Dodge', 1, 0, NULL, NULL, NULL, '[]', NULL, 'https://image.noelshack.com/fichiers/2024/51/7/1734877158-kgjoker.jpg\n'),
('Rolls Royce Ghost', 'kln', 10000, 'Rolls Royce', 1, 0, NULL, NULL, NULL, '[]', NULL, 'https://image.noelshack.com/fichiers/2024/51/7/1734887259-kln.jpg\n'),
('Km 1000 RR', 'km1000rr', 10000, 'Moto', 1, 0, NULL, NULL, NULL, '[]', NULL, 'https://image.noelshack.com/fichiers/2024/51/6/1734819723-km1000rr.jpg\n'),
('BMW M3 E36 Prepa', 'kyza36', 10000, 'ABT Performance', 1, 0, NULL, NULL, NULL, '[]', NULL, 'https://image.noelshack.com/fichiers/2024/51/7/1734875926-kyza36.jpg\n'),
('Chopper Lp', 'lpchopper2', 10000, 'Moto', 1, 0, NULL, NULL, NULL, '[]', NULL, 'https://image.noelshack.com/fichiers/2024/51/6/1734820171-lpchopper2.jpg\n'),
('BMW M 135 I Prepa', 'm135iwb', 10000, 'ABT Performance', 1, 0, NULL, NULL, NULL, '[]', NULL, 'https://image.noelshack.com/fichiers/2024/51/7/1734875937-m135iwb.jpg\n'),
('BMW M3 E36', 'm3e36', 10000, 'Bmw', 1, 0, NULL, NULL, NULL, '[]', NULL, 'https://image.noelshack.com/fichiers/2024/51/7/1734823760-m3e36.jpg\n'),
('BMW M3 G80', 'm3g80', 10000, 'Bmw', 1, 0, NULL, NULL, NULL, '[]', NULL, 'https://image.noelshack.com/fichiers/2024/51/7/1734823762-m3g80.jpg\n'),
('BMW M3 G80 Prepa', 'm3g80mp', 10000, 'ABT Performance', 1, 0, NULL, NULL, NULL, '[]', NULL, 'https://image.noelshack.com/fichiers/2024/51/7/1734875928-m3g80mp.jpg\n'),
('BMW M3 S', 'm3s', 10000, 'Bmw', 1, 0, NULL, NULL, NULL, '[]', NULL, 'https://image.noelshack.com/fichiers/2024/51/7/1734823765-m3s.jpg\n'),
('BMW M4 C', 'm4c', 10000, 'Bmw', 1, 0, NULL, NULL, NULL, '[]', NULL, 'https://image.noelshack.com/fichiers/2024/51/7/1734823780-m4c.jpg\n'),
('BMW M4 Mansory', 'M4CC', 10000, 'Mansory', 1, 0, NULL, NULL, NULL, '[]', NULL, 'https://image.noelshack.com/fichiers/2024/51/7/1734879923-m4cc.jpg\n'),
('BMW M4 F82', 'm4f82', 10000, 'Bmw', 1, 0, NULL, NULL, NULL, '[]', NULL, 'https://image.noelshack.com/fichiers/2024/51/7/1734823782-m4f82.jpg\n'),
('BMW M4 LB2 Prepa', 'm4lb2', 10000, 'ABT Performance', 1, 0, NULL, NULL, NULL, '[]', NULL, 'https://image.noelshack.com/fichiers/2024/51/7/1734875931-m4lb2.jpg\n'),
('BMW M4 Prepa', 'm4speedhunter', 10000, 'ABT Performance', 1, 0, NULL, NULL, NULL, '[]', NULL, 'https://image.noelshack.com/fichiers/2024/51/7/1734875934-m4speedhunter.jpg\n'),
('BMW M5 E60', 'm5e60', 10000, 'Bmw', 1, 0, NULL, NULL, NULL, '[]', NULL, 'https://image.noelshack.com/fichiers/2024/51/7/1734823785-m5e60.jpg\n'),
('BMW M6 E24', 'm6e24', 10000, 'Bmw', 1, 0, NULL, NULL, NULL, '[]', NULL, 'https://image.noelshack.com/fichiers/2024/51/7/1734823787-m6e24.jpg\n'),
('Ford Mustang Shelby', 'mach1', 10000, 'Ford', 1, 0, NULL, NULL, NULL, '[]', NULL, 'https://image.noelshack.com/fichiers/2024/51/7/1734877735-mach1.jpg\n'),
('Mache Wb', 'machewb', 10000, 'Electrique', 1, 0, NULL, NULL, NULL, '[]', NULL, 'https://image.noelshack.com/fichiers/2024/51/6/1734820876-machewb.jpg\n'),
('BMW X7 ', 'manhartx7', 10000, 'Bmw', 1, 0, NULL, NULL, NULL, '[]', NULL, 'https://image.noelshack.com/fichiers/2024/51/7/1734823790-manhartx7.jpg\n'),
('Mercedes S65 Mansory', 'mans65', 10000, 'Mansory', 1, 0, NULL, NULL, NULL, '[]', NULL, 'https://image.noelshack.com/fichiers/2024/51/7/1734879925-mans65.jpg\n'),
('Ferrari Gt Prepa', 'mansgt', 10000, 'ABT Performance', 1, 0, NULL, NULL, NULL, '[]', NULL, 'https://image.noelshack.com/fichiers/2024/51/7/1734875940-mansgt.jpg\n'),
('Porsche Panamera Mansory', 'manspana', 10000, 'Mansory', 1, 0, NULL, NULL, NULL, '[]', NULL, 'https://image.noelshack.com/fichiers/2024/51/7/1734879927-manspana.jpg\n'),
('Audi RS6', 'mansrs6', 10000, 'Audi', 0, 0, NULL, NULL, NULL, '[]', NULL, 'https://image.noelshack.com/fichiers/2024/51/7/1734823047-mansrs6.jpg\n'),
('Ford Mustang Shelby Black Edition', 'manssupersnake', 10000, 'Ford', 1, 0, NULL, NULL, NULL, '[]', NULL, 'https://image.noelshack.com/fichiers/2024/51/7/1734877737-manssupersnake.jpg\n'),
('Lamborghini Urus Prepa', 'mansurus', 10000, 'ABT Performance', 1, 0, NULL, NULL, NULL, '[]', NULL, 'https://image.noelshack.com/fichiers/2024/51/7/1734875943-mansurus.jpg\n'),
('Maybach Mansory', 'maybach', 10000, 'Mansory', 1, 0, NULL, NULL, NULL, '[]', NULL, 'https://image.noelshack.com/fichiers/2024/51/7/1734879932-maybach.jpg\n'),
('Mercedes G600 Amg', 'mayg600p', 10000, 'Mercedes', 1, 0, NULL, NULL, NULL, '[]', NULL, 'https://image.noelshack.com/fichiers/2024/51/7/1734880475-mayg600p.jpg\n'),
('Mercedes C63 S', 'mercec63s', 10000, 'Mercedes', 1, 0, NULL, NULL, NULL, '[]', NULL, 'https://image.noelshack.com/fichiers/2024/51/7/1734880478-mercec63s.jpg\n'),
('Mercedes E63 S', 'merse63', 10000, 'Mercedes', 1, 0, NULL, NULL, NULL, '[]', NULL, 'https://image.noelshack.com/fichiers/2024/51/7/1734880480-merse63.jpg\n'),
('Mercedes Ml Brabus', 'mlbrabus', 10000, 'Mercedes', 1, 0, NULL, NULL, NULL, '[]', NULL, 'https://image.noelshack.com/fichiers/2024/51/7/1734880482-mlbrabus.jpg\n'),
('Tesla Model 3', 'model3', 10000, 'Electrique', 1, 0, NULL, NULL, NULL, '[]', NULL, 'https://image.noelshack.com/fichiers/2024/51/6/1734820881-model3.jpg\n'),
('Tesla Model S', 'models', 10000, 'Electrique', 1, 0, NULL, NULL, NULL, '[]', NULL, 'https://image.noelshack.com/fichiers/2024/51/6/1734820883-models.jpg\n'),
('Tesla Model X', 'modelx', 10000, 'Electrique', 1, 0, NULL, NULL, NULL, '[]', NULL, 'https://image.noelshack.com/fichiers/2024/51/6/1734820885-modelx.jpg\n'),
('Ford Mustang 1965', 'mustang65', 10000, 'Ford', 1, 0, NULL, NULL, NULL, '[]', NULL, 'https://image.noelshack.com/fichiers/2024/51/7/1734877740-mustang65.jpg\n'),
('Nissan Mx', 'mxpan', 10000, 'Nissan', 1, 0, NULL, NULL, NULL, '[]', NULL, 'https://image.noelshack.com/fichiers/2024/51/7/1734882290-mxpan.jpg\n'),
('Ninja H2R', 'ninjah2', 10000, 'Moto', 1, 0, NULL, NULL, NULL, '[]', NULL, 'https://image.noelshack.com/fichiers/2024/51/6/1734820176-ninjah2.jpg\n'),
('Nissan Nismo 20', 'nismo20', 10000, 'Nissan', 1, 0, NULL, NULL, NULL, '[]', NULL, 'https://image.noelshack.com/fichiers/2024/51/7/1734882290-nismo20.jpg\n'),
('Nissan R 36', 'nissanr36', 10000, 'Nissan', 1, 0, NULL, NULL, NULL, '[]', NULL, 'https://image.noelshack.com/fichiers/2024/51/7/1734882300-nissanr36.jpg\n'),
('Bugatti Chiron Mansory', 'nitro11', 10000, 'Mansory', 1, 0, NULL, NULL, NULL, '[]', NULL, 'https://image.noelshack.com/fichiers/2024/51/7/1734879937-nitro11.jpg\n'),
('Ferrari 488 Mansory', 'nitro9', 10000, 'Mansory', 1, 0, NULL, NULL, NULL, '[]', NULL, 'https://image.noelshack.com/fichiers/2024/51/7/1734879934-nitro9.jpg\n'),
('NZX 17 Prepa', 'nsx17', 10000, 'ABT Performance', 1, 0, NULL, NULL, NULL, '[]', NULL, 'https://image.noelshack.com/fichiers/2024/51/7/1734875948-nsx17.jpg\n'),
('Audi Etron', 'ocnetrongt', 10000, 'Electrique', 1, 0, NULL, NULL, NULL, '[]', NULL, 'https://image.noelshack.com/fichiers/2024/51/6/1734820886-ocnetrongt.jpg\n'),
('Range Rover Defender', 'oycdefender', 10000, 'Range Rover', 1, 0, NULL, NULL, NULL, '[]', NULL, 'https://image.noelshack.com/fichiers/2024/51/7/1734886735-oycdefender.jpg\n'),
('McLaren P1 Mansory', 'p1lbwk', 10000, 'Mansory', 1, 0, NULL, NULL, NULL, '[]', NULL, 'https://image.noelshack.com/fichiers/2024/51/7/1734879939-p1lbwk.jpg\n'),
('Porsche Panamera RS 2021', 'panamturs21', 10000, 'Porsche', 1, 0, NULL, NULL, NULL, '[]', NULL, 'https://image.noelshack.com/fichiers/2024/51/7/1734884914-panamturs21.jpg\n'),
('Volkswagen Passat', 'passat', 10000, 'Volkswagen', 1, 0, NULL, NULL, NULL, '[]', NULL, 'https://image.noelshack.com/fichiers/2024/51/7/1734887686-passat.jpg\n'),
('Mercedes GT Mansory', 'polestar1', 10000, 'Mansory', 1, 0, NULL, NULL, NULL, '[]', NULL, 'https://image.noelshack.com/fichiers/2024/51/7/1734879941-polestar1.jpg\n'),
('Volkswagen Polo', 'polo2018', 10000, 'Volkswagen', 1, 0, NULL, NULL, NULL, '[]', NULL, 'https://image.noelshack.com/fichiers/2024/51/7/1734887689-polo2018.jpg\n'),
('Porsche 911 GT3 R', 'por911gt3', 10000, 'Porsche', 1, 0, NULL, NULL, NULL, '[]', NULL, 'https://image.noelshack.com/fichiers/2024/51/7/1734884917-por911gt3.jpg\n'),
('Porsche 911 SP Mansory', 'porche911speedhunter', 10000, 'Mansory', 1, 0, NULL, NULL, NULL, '[]', NULL, 'https://image.noelshack.com/fichiers/2024/51/7/1734879943-porche911speedhunter.jpg\n'),
('Audi SQ8', 'q8hycade', 10000, 'ABT Performance', 1, 0, NULL, NULL, NULL, '[]', NULL, 'https://image.noelshack.com/fichiers/2024/51/7/1734823060-q8hycade.jpg\n'),
('Audi Q8 Prepa', 'q8prior', 10000, 'ABT Performance', 1, 0, NULL, NULL, NULL, '[]', NULL, 'https://image.noelshack.com/fichiers/2024/51/7/1734875952-q8prior.jpg\n'),
('Nissan R 35 Limited', 'r35secret', 10000, 'Nissan', 1, 0, NULL, NULL, NULL, '[]', NULL, 'https://image.noelshack.com/fichiers/2024/51/7/1734882303-r35secret.jpg\n'),
('Nissan R 36 Limited', 'r36fp', 10000, 'Nissan', 1, 0, NULL, NULL, NULL, '[]', NULL, 'https://image.noelshack.com/fichiers/2024/51/7/1734882307-r36fp.jpg\n'),
('Audi R8 V10', 'r820', 10000, 'Audi', 1, 0, NULL, NULL, NULL, '[]', NULL, 'https://image.noelshack.com/fichiers/2024/51/7/1734823049-r820.jpg\n'),
('Audi R8 Mansory', 'r8beastedit', 10000, 'Mansory', 1, 0, NULL, NULL, NULL, '[]', NULL, 'https://image.noelshack.com/fichiers/2024/51/7/1734879945-r8beastedit.jpg\n'),
('Dodge Ram 6x6', 'ramtrx6x6', 10000, 'Off Road', 1, 0, NULL, NULL, NULL, '[]', NULL, 'https://image.noelshack.com/fichiers/2024/51/6/1734818783-ramtrx6x6.jpg'),
('4x4 Rapger', 'rapger19', 10000, 'Off Road', 1, 0, NULL, NULL, NULL, '[]', NULL, 'https://image.noelshack.com/fichiers/2024/51/6/1734818783-rapger19.jpg'),
('Rolls Royce Spectre', 'rculi', 10000, 'Rolls Royce', 1, 0, NULL, NULL, NULL, '[]', NULL, 'https://image.noelshack.com/fichiers/2024/51/7/1734887261-rculi.jpg\n'),
('Chopper Custom', 'rd', 10000, 'Moto', 1, 0, NULL, NULL, NULL, '[]', NULL, 'https://image.noelshack.com/fichiers/2024/51/6/1734820181-rd.jpg\n'),
('Nissan 240 SX', 'rmod240sx', 10000, 'Nissan', 1, 0, NULL, NULL, NULL, '[]', NULL, 'https://image.noelshack.com/fichiers/2024/51/7/1734882310-rmod240sx.jpg\n'),
('Dodge Charger 2024', 'rmodcharger', 10000, 'Dodge', 1, 0, NULL, NULL, NULL, '[]', NULL, 'https://image.noelshack.com/fichiers/2024/51/7/1734877160-rmodcharger.jpg\n'),
('Dodge Charger 1969', 'rmodcharger69', 10000, 'Dodge', 1, 0, NULL, NULL, NULL, '[]', NULL, 'https://image.noelshack.com/fichiers/2024/51/7/1734877162-rmodcharger69.jpg\n'),
('Ferrari F40', 'rmodf40', 10000, 'Ferrari', 1, 0, NULL, NULL, NULL, '[]', NULL, 'https://image.noelshack.com/fichiers/2024/51/7/1734877416-rmodf40.jpg\n'),
('Ford GT Prepa', 'rmodfordgt', 10000, 'ABT Performance', 1, 0, NULL, NULL, NULL, '[]', NULL, 'https://image.noelshack.com/fichiers/2024/51/7/1734875955-rmodfordgt.jpg\n'),
('Mercedes G65 ABT', 'rmodg65', 10000, 'ABT Performance', 1, 0, NULL, NULL, NULL, '[]', NULL, 'https://image.noelshack.com/fichiers/2024/51/7/1734875958-rmodg65.jpg\n'),
('Mercedes GT 63 2023', 'rmodgt63', 10000, 'Mercedes', 1, 0, NULL, NULL, NULL, '[]', NULL, 'https://image.noelshack.com/fichiers/2024/51/7/1734880484-rmodgt63.jpg\n'),
('Nissan GTR Limited', 'rmodgtr', 10000, 'Nissan', 1, 0, NULL, NULL, NULL, '[]', NULL, 'https://image.noelshack.com/fichiers/2024/51/7/1734882313-rmodgtr.jpg\n'),
('4x4 Jeep', 'rmodjeepg', 10000, 'Off Road', 1, 0, NULL, NULL, NULL, '[]', NULL, 'https://image.noelshack.com/fichiers/2024/51/6/1734818795-rmodjeepg.jpg'),
('BMW M3 E36 ABT', 'rmodm3e36', 10000, 'ABT Performance', 1, 0, NULL, NULL, NULL, '[]', NULL, 'https://image.noelshack.com/fichiers/2024/51/7/1734875961-rmodm3e36.jpg\n'),
('BMW M4 ABT', 'rmodm4', 10000, 'ABT Performance', 1, 0, NULL, NULL, NULL, '[]', NULL, 'https://image.noelshack.com/fichiers/2024/51/7/1734875963-rmodm4.jpg\n'),
('BMW M4 GTS', 'rmodm4gts', 10000, 'Bmw', 1, 0, NULL, NULL, NULL, '[]', NULL, 'https://image.noelshack.com/fichiers/2024/51/7/1734823792-rmodm4gts.jpg\n'),
('Volkswagen Touareg', 'rmodr50', 10000, 'Volkswagen', 1, 0, NULL, NULL, NULL, '[]', NULL, 'https://image.noelshack.com/fichiers/2024/51/7/1734887691-rmodr50.jpg\n'),
('Audi R8 Prepa', 'rmodr8alpil', 10000, 'ABT Performance', 1, 0, NULL, NULL, NULL, '[]', NULL, 'https://image.noelshack.com/fichiers/2024/51/7/1734875965-rmodr8alpil.jpg\n'),
('Nissan Skyline R 34', 'rmodskyline34', 10000, 'Nissan', 1, 0, NULL, NULL, NULL, '[]', NULL, 'https://image.noelshack.com/fichiers/2024/51/7/1734882316-rmodskyline34.jpg\n'),
('Lamborghini SVJ', 'rmodsvj', 10000, 'Lamborghini', 1, 0, NULL, NULL, NULL, '[]', NULL, 'https://image.noelshack.com/fichiers/2024/51/7/1734878222-rmodsvj.jpg\n'),
('BMW X6 ABT', 'rmodx6', 10000, 'ABT Performance', 1, 0, NULL, NULL, NULL, '[]', NULL, 'https://image.noelshack.com/fichiers/2024/51/7/1734875968-rmodx6.jpg\n'),
('Corvette ZL1', 'rmodzl1', 10000, 'Corvette', 1, 0, NULL, NULL, NULL, '[]', NULL, 'https://image.noelshack.com/fichiers/2024/51/7/1734876815-rmodzl1.jpg\n'),
('Rolls Royce 6x6 Mansory', 'Rolls6x6', 10000, 'Mansory', 1, 0, NULL, NULL, NULL, '[]', NULL, 'https://image.noelshack.com/fichiers/2024/51/7/1734879949-rolls6x6.jpg\n'),
('BMW M5 E39 Performance', 'RoyalCustome39m5_wb', 10000, 'Bmw', 1, 0, NULL, NULL, NULL, '[]', NULL, 'https://image.noelshack.com/fichiers/2024/51/7/1734823795-royalcustome39m5-wb.jpg\n'),
('Kawasaki SH2', 'RoyalCustomKawasakiSH2', 10000, 'Moto', 1, 0, NULL, NULL, NULL, '[]', NULL, 'https://image.noelshack.com/fichiers/2024/51/6/1734820183-royalcustomkawasakish2.jpg\n'),
('Yamaha R1', 'rr01', 10000, 'Moto', 1, 0, NULL, NULL, NULL, '[]', NULL, 'https://image.noelshack.com/fichiers/2024/51/6/1734820186-rr01.jpg\n'),
('Dodge SUV Street', 'rr21shelbystreet', 10000, 'Dodge', 1, 0, NULL, NULL, NULL, '[]', NULL, 'https://image.noelshack.com/fichiers/2024/51/7/1734877165-rr21shelbystreet.jpg\n'),
('Bentley Ghost By', 'rrghostbyv', 10000, 'Limousines', 1, 0, NULL, NULL, NULL, '[]', NULL, 'https://image.noelshack.com/fichiers/2024/51/6/1734820517-rrghostbyv.jpg\n'),
('Mitsubishi Evo X Racing', 'rrhycadeevoxpd', 10000, 'Mitsubishi', 1, 0, NULL, NULL, NULL, '[]', NULL, 'https://image.noelshack.com/fichiers/2024/51/7/1734881690-rrhycadeevoxpd.jpg\n'),
('Rolls Royce Phantom', 'rrphantom', 10000, 'Rolls Royce', 1, 0, NULL, NULL, NULL, '[]', NULL, 'https://image.noelshack.com/fichiers/2024/51/7/1734887264-rrphantom.jpg\n'),
('Rolls Royce Wraith', 'rrwraith', 10000, 'Rolls Royce', 1, 0, NULL, NULL, NULL, '[]', NULL, 'https://image.noelshack.com/fichiers/2024/51/7/1734887267-rrwraith.jpg\n'),
('Audi RS4', 'rs322sedan', 10000, 'Audi', 1, 0, NULL, NULL, NULL, '[]', NULL, 'https://image.noelshack.com/fichiers/2024/51/7/1734823055-rs322sedan.jpg\n'),
('Audi RS6 Mansory', 'rs666', 10000, 'Mansory', 1, 0, NULL, NULL, NULL, '[]', NULL, 'https://image.noelshack.com/fichiers/2024/51/7/1734879955-rs666.jpg\n'),
('Audi RS6 ABT', 'rs6abt20', 10000, 'ABT Performance', 1, 0, NULL, NULL, NULL, '[]', NULL, 'https://image.noelshack.com/fichiers/2024/51/7/1734875974-rs6abt20.jpg\n'),
('Audi RS7', 'rs7', 10000, 'Audi', 1, 0, NULL, NULL, NULL, '[]', NULL, 'https://image.noelshack.com/fichiers/2024/51/7/1734823053-rs7.jpg\n'),
('Audi RS7 Black Edition Mansory', 'rs7beast', 10000, 'Mansory', 1, 0, NULL, NULL, NULL, '[]', NULL, 'https://image.noelshack.com/fichiers/2024/51/7/1734879951-rs7beast.jpg\n'),
('Audi RS7 ABT', 'rs7bratwa', 10000, 'ABT Performance', 1, 0, NULL, NULL, NULL, '[]', NULL, 'https://image.noelshack.com/fichiers/2024/51/7/1734875977-rs7bratwa.jpg\n'),
('Audi RS7 Mansory', 'rs7wide', 10000, 'Mansory', 1, 0, NULL, NULL, NULL, '[]', NULL, 'https://image.noelshack.com/fichiers/2024/51/7/1734879953-rs7wide.jpg\n'),
('Nissan RX7', 'rx7', 10000, 'Nissan', 1, 0, NULL, NULL, NULL, '[]', NULL, 'https://image.noelshack.com/fichiers/2024/51/7/1734882319-rx7.jpg\n'),
('Corvette VeilSide', 'rx7veilside', 10000, 'Corvette', 1, 0, NULL, NULL, NULL, '[]', NULL, 'https://image.noelshack.com/fichiers/2024/51/7/1734876821-rx7veilside.jpg\n'),
('Audi S1 Mansory', 's1', 10000, 'Mansory', 1, 0, NULL, NULL, NULL, '[]', NULL, 'https://image.noelshack.com/fichiers/2024/51/7/1734879957-s1.jpg\n'),
('Mercedes S500 Brabus', 's500w222', 10000, 'Mercedes', 1, 0, NULL, NULL, NULL, '[]', NULL, 'https://image.noelshack.com/fichiers/2024/51/7/1734880491-s500w222.jpg\n'),
('Mercedes S63 Coupe Amg', 's63coupe', 10000, 'Mercedes', 1, 0, NULL, NULL, NULL, '[]', NULL, 'https://image.noelshack.com/fichiers/2024/51/7/1734880488-s63coupe.jpg\n'),
('Audi S8 D4', 's8d4', 10000, 'Audi', 1, 0, NULL, NULL, NULL, '[]', NULL, 'https://image.noelshack.com/fichiers/2024/51/7/1734880486-s8d4.jpg\n'),
('Mitsubishi Racing Limited', 'scubieblob', 10000, 'Mitsubishi', 1, 0, NULL, NULL, NULL, '[]', NULL, 'https://image.noelshack.com/fichiers/2024/51/7/1734881692-scubieblob.jpg\n'),
('Senna Mansory', 'senna', 10000, 'Mansory', 1, 0, NULL, NULL, NULL, '[]', NULL, 'https://image.noelshack.com/fichiers/2024/51/7/1734879960-senna.jpg\n'),
('Sian ABT', 'sian', 10000, 'ABT Performance', 1, 0, NULL, NULL, NULL, '[]', NULL, 'https://image.noelshack.com/fichiers/2024/51/7/1734875981-sian.jpg\n'),
('Corvette GD', 'silviagd', 10000, 'Corvette', 1, 0, NULL, NULL, NULL, '[]', NULL, 'https://image.noelshack.com/fichiers/2024/51/7/1734876815-silviagd.jpg\n'),
('Porsche Singer', 'singer', 10000, 'Porsche', 1, 0, NULL, NULL, NULL, '[]', NULL, 'https://image.noelshack.com/fichiers/2024/51/7/1734884919-singer.jpg\n'),
('Range Rover Triaden', 'suv_triaden', 10000, 'Range Rover', 1, 0, NULL, NULL, NULL, '[]', NULL, 'https://image.noelshack.com/fichiers/2024/51/7/1734886735-suv-triaden.jpg\n'),
('Porsche Taycan HY', 'taycanani', 10000, 'Electrique', 1, 0, NULL, NULL, NULL, '[]', NULL, 'https://image.noelshack.com/fichiers/2024/51/6/1734820891-taycanani.jpg\n'),
('Porsche Techart 17', 'techart17', 10000, 'Porsche', 1, 0, NULL, NULL, NULL, '[]', NULL, 'https://image.noelshack.com/fichiers/2024/51/7/1734884922-techart17.jpg\n'),
('Tesla Road', 'teslaroad', 10000, 'Electrique', 1, 0, NULL, NULL, NULL, '[]', NULL, 'https://image.noelshack.com/fichiers/2024/51/6/1734820893-teslaroad.jpg\n'),
('Range Rover Hawk', 'trhawk', 10000, 'Range Rover', 1, 0, NULL, NULL, NULL, '[]', NULL, 'https://image.noelshack.com/fichiers/2024/51/7/1734886735-trhawk.jpg\n'),
('4x4 Trx', 'trx', 10000, 'Off Road', 1, 0, NULL, NULL, NULL, '[]', NULL, 'https://image.noelshack.com/fichiers/2024/51/6/1734818783-trx.jpg'),
('Dodge Charger 2024 Black Edition', 'unmarkedjl', 10000, 'Dodge', 1, 0, NULL, NULL, NULL, '[]', NULL, 'https://image.noelshack.com/fichiers/2024/51/7/1734877167-unmarkedjl.jpg\n'),
('Lamborghini Urus Stretch ', 'Urus_Stretch_6', 10000, 'Limousines', 1, 0, NULL, NULL, NULL, '[]', NULL, 'https://image.noelshack.com/fichiers/2024/51/6/1734820519-urus-stretch-6.jpg\n'),
('Lamborghini Urus ABT', 'urusbeastedit', 10000, 'ABT Performance', 1, 0, NULL, NULL, NULL, '[]', NULL, 'https://image.noelshack.com/fichiers/2024/51/7/1734875983-urusbeastedit.jpg\n'),
('Dodge Charger Limited', 'vanzhycade', 10000, 'Dodge', 1, 0, NULL, NULL, NULL, '[]', NULL, 'https://image.noelshack.com/fichiers/2024/51/7/1734877170-vanzhycade.jpg\n'),
('Lamborghini Urus Mansory', 'vanzur', 10000, 'Mansory', 1, 0, NULL, NULL, NULL, '[]', NULL, 'https://image.noelshack.com/fichiers/2024/51/7/1734879962-vanzur.jpg\n'),
('Lamborghini Urus Venatus Mansory', 'venatus', 10000, 'Mansory', 1, 0, NULL, NULL, NULL, '[]', NULL, 'https://image.noelshack.com/fichiers/2024/51/7/1734879964-venatus.jpg\n'),
('Rolls Royce Cullinan', 'wraith', 10000, 'Rolls Royce', 1, 0, NULL, NULL, NULL, '[]', NULL, 'https://image.noelshack.com/fichiers/2024/51/7/1734887269-wraith.jpg\n'),
('4x4 X6 ', 'x6wz', 10000, 'Off Road', 1, 0, NULL, NULL, NULL, '[]', NULL, 'https://image.noelshack.com/fichiers/2024/51/6/1734818806-x6wz.jpg'),
('Yamaha YZF R6', 'yzfr6', 10000, 'Moto', 1, 0, NULL, NULL, NULL, '[]', NULL, 'https://image.noelshack.com/fichiers/2024/51/6/1734820189-yzfr6.jpg\n'),
('Yamaha YZF R7', 'yzfr7', 10000, 'Moto', 1, 0, NULL, NULL, NULL, '[]', NULL, 'https://image.noelshack.com/fichiers/2024/51/6/1734820192-yzfr7.jpg\n'),
('Kawazaki Z800 R', 'z8r', 10000, 'Moto', 1, 0, NULL, NULL, NULL, '[]', NULL, 'https://image.noelshack.com/fichiers/2024/51/6/1734820195-z8r.jpg\n'),
('Corvette ZL1 Serie S', 'zl1', 10000, 'Corvette', 1, 0, NULL, NULL, NULL, '[]', NULL, 'https://image.noelshack.com/fichiers/2024/51/7/1734876815-zl1.jpg\n'),
('Mercedes S 500 Limited', 'zm_s500', 10000, 'Mercedes', 1, 0, NULL, NULL, NULL, '[]', NULL, 'https://image.noelshack.com/fichiers/2024/51/7/1734880493-zm-s500.jpg\n'),
('Kawazaki ZX 1000 R', 'zx10r', 10000, 'Moto', 1, 0, NULL, NULL, NULL, '[]', NULL, 'https://image.noelshack.com/fichiers/2024/51/6/1734820201-zx10r.jpg\n'),
('Kawazaki ZX 600 R', 'zx6r', 10000, 'Moto', 1, 0, NULL, NULL, NULL, '[]', NULL, 'https://image.noelshack.com/fichiers/2024/51/6/1734820198-zx6r.jpg\n');

DROP TABLE IF EXISTS `historique_concessionnaire`;
CREATE TABLE IF NOT EXISTS `historique_concessionnaire` (
  `type` varchar(60) NOT NULL,
  `gain` varchar(100) NOT NULL,
  `identifier` varchar(46) DEFAULT NULL,
  `id` int(11) NOT NULL AUTO_INCREMENT,
  `cost` varchar(11) DEFAULT NULL,
  `date` varchar(255) DEFAULT NULL,
  `vehicle` varchar(255) DEFAULT NULL,
  PRIMARY KEY (`id`)
) ENGINE=InnoDB AUTO_INCREMENT=442 DEFAULT CHARSET=utf8mb4 COLLATE=utf8mb4_unicode_ci;


CREATE TABLE `automatisation` (
  `society_concess` varchar(60) NOT NULL,
  `statut` varchar(100) NOT NULL
) ENGINE=InnoDB DEFAULT CHARSET=utf8mb4 COLLATE=utf8mb4_unicode_ci;


INSERT INTO `automatisation` (`society_concess`, `statut`) VALUES
('concess', 'Non-automatique');

ALTER TABLE `automatisation`
  ADD UNIQUE KEY `society_concess` (`society_concess`);
COMMIT;

INSERT INTO `jobs` (`name`, `label`) VALUES
('concess', 'Concessionnaire');

INSERT INTO `job_grades` (`id`, `job_name`, `grade`, `name`, `label`, `salary`, `skin_male`, `skin_female`) VALUES
(7, 'concess', 1, 'employed', 'Employé', 3500, '{}', '{}'),
(8, 'concess', 2, 'avanced', 'Vendeur', 2000, '{}', '{}'),
(9, 'concess', 3, 'leader', 'Chef Equipe', 2500, '', ''),
(10, 'concess', 4, 'boss', 'Patron', 5000, '', '');

INSERT INTO `addon_account` (`name`, `label`, `shared`) VALUES
('society_concess', 'Concessionnaire', 2);

INSERT INTO `addon_account_data` (`id`, `account_name`, `money`, `owner`) VALUES
(2, 'society_concess', 0, NULL); 